{"m": 0.7795586710770364, "Ixx": 4.885441690326722, "Iyy": 4.65597180867531, "Izz": 4.832700184196074}