{"m": 0.9581302732541137, "Ixx": 0.0033032092186412836, "Iyy": 0.003116027118119928, "Izz": 0.0025565987867910366}