{"L": 0.10092066061605842, "kF": 0.2827018694788551, "kM": 0.03877669632105094, "thetas": [0.04402091124467403, 0.14119470641451046, 0.16086182301549368, -0.15820935117452442], "phis": [0.018228950573733287, 3.0259084415703894, 0.30444741770743255, -2.1477990432114513]}