{"L": 0.16179868357869395, "kF": 0.2823406628592233, "kM": 0.24557899249022036, "phis": [-0.00744026314445888, 0.015273039771318393, -0.0069735032075463575, 0.0039635825241097645]}