{"m": 1.1368910723100432, "Ixx": 0.0035104887659998286, "Iyy": 0.003383167578784984, "Izz": 0.004088259571157242}