{"m": 0.5302768351137271, "Ixx": 4.376679002800831, "Iyy": 4.0633203555113955, "Izz": 3.9858410364883423}