{"L": 0.19689502118904603, "kF": 0.26413128371564415, "kM": 0.22558585689184113, "phis": [0.00045805772966232193, -0.00164938128466587, -0.01149311523259463, -0.014751316906090814]}