{"L": 0.1868707577742469, "kF": 0.2278117329138261, "kM": 0.0235865214262539, "thetas": [-0.13526551422410846, -0.16600356456731727, 0.15195188845087979, -0.14717279562693147], "phis": [0.5936348882785301, -2.9584558865459134, -2.689116968534285, -0.7539227705493751]}