{"m": 1.1564720831620683, "Ixx": 2.0445164484501186, "Iyy": 2.204770365017623, "Izz": 4.654869871307328}