{"m": 0.9270068412431561, "Ixx": 0.0033361137751257083, "Iyy": 0.0034401157190559212, "Izz": 0.004819150180719275}