{"L": 0.1406885670599854, "kF": 0.26595105742527936, "kM": 0.23344110388945538, "phis": [-0.01576551162530991, -0.0023977537769075486, 0.013814698276361437, -0.01128889961083747]}