{"L": 0.12345639490332189, "kF": 0.24043726157739234, "kM": 0.03878617140081375, "thetas": [-0.08814063104373664, 0.16169874079899696, -0.14027421344156538, -0.12498695025702501], "phis": [-1.0537908942481324, 1.2905215793475333, 2.373036719199357, 0.8170073398349523]}