{"m": 1.0440822506195047, "Ixx": 1.509667677250361, "Iyy": 1.2730969399590828, "Izz": 1.424720498462535}