{"m": 0.5874695323694243, "Ixx": 0.0038436730220215215, "Iyy": 0.004585563121759252, "Izz": 0.0025426594386229644}