{"L": 0.11480402683522824, "kF": 0.11463279663282669, "kM": 0.23933375010903002, "phis": [0.010573797061789974, 0.0020960665958584604, -0.000632467769768841, -0.01623537099718792]}