{"L": 0.18347018520055658, "kF": 0.12822067379326713, "kM": 0.027492703514110622, "thetas": [0.12418285187265976, 0.1385133872365592, 0.05273878499564679, 0.06920159920267165], "phis": [1.9676421475844652, 0.4327772309507527, -2.334706519620642, -1.555043381362684]}