{"m": 0.8108626867986158, "Ixx": 3.8792714352521083, "Iyy": 1.0835794659821758, "Izz": 1.1233494929791097}