{"m": 0.9997519529232333, "Ixx": 0.003718026136573027, "Iyy": 0.003935880004808349, "Izz": 0.004955468754531097}