{"L": 0.11392310561908243, "kF": 0.14439136315825402, "kM": 0.047151472745157054, "thetas": [-0.10441364053739836, 0.036928932012713606, 0.17243406092922078, -0.15336535395629516], "phis": [-0.7590065560583571, -0.8829075895535068, 1.4031560775823728, 0.8779510415589868]}