{"L": 0.1918640714392253, "kF": 0.2588445143430612, "kM": 0.21475777049829553, "phis": [0.015623898631050164, -0.012133400373705501, 0.008835076353461214, 0.011086367992475895]}