{"m": 0.7242825399111825, "Ixx": 1.9696574735028873, "Iyy": 4.359763281339077, "Izz": 1.5917225626973828}