{"m": 0.6251325452255505, "Ixx": 0.0018585975577751124, "Iyy": 0.0025352260465272445, "Izz": 0.004689835568968118}