{"L": 0.10257976134179062, "kF": 0.13424390411401516, "kM": 0.16864177368666727, "phis": [-0.011618663971871905, 0.01702099807144253, 0.004287944130181818, 0.009593225139151978]}