{"L": 0.12037877475043818, "kF": 0.29991806644862795, "kM": 0.024959530066072575, "thetas": [0.07573853249180637, 0.146618691229808, -0.07949117861038775, -0.014453798521211418], "phis": [1.6822523321188794, 2.5238715128221334, -1.8472912383159368, -1.1573517016216983]}