{"m": 0.6824683559416753, "Ixx": 1.7412183534238124, "Iyy": 4.830574638799979, "Izz": 1.831163943036751}