{"m": 0.7726307664673352, "Ixx": 0.0024518699117824228, "Iyy": 0.002059017112515444, "Izz": 0.0030956294952817296}