{"L": 0.14985174263400053, "kF": 0.1404061906245054, "kM": 0.04322484898200601, "thetas": [-0.1458709304982519, -0.1398897926913425, -0.08965503750446169, -0.096692823479608], "phis": [0.8546172216348362, -1.03699470439528, -1.0404766609149252, -2.676526658369537]}