{"L": 0.1853479860922061, "kF": 0.1305457533049495, "kM": 0.10554160005259659, "phis": [-0.008053025580090469, -0.014968451128147738, 0.011566704647318701, 0.0030229964519745195]}