{"m": 1.2684175296049505, "Ixx": 0.0021524132196394743, "Iyy": 0.004941943771427777, "Izz": 0.00465930563292315}