{"m": 1.0725703575597731, "Ixx": 3.1409264152344303, "Iyy": 4.996589554255922, "Izz": 2.6960622966050622}