{"L": 0.11180849442383037, "kF": 0.2065594874138682, "kM": 0.22185945434673016, "phis": [0.0016859992279357491, 0.01677154379710149, -0.010550214871045967, 0.014829290139223045]}