{"L": 0.14952649744256313, "kF": 0.14374848318845138, "kM": 0.011669541733117744, "thetas": [0.13063436827365493, -0.036238051184815157, -0.15028285093309696, 0.015555564692075181], "phis": [0.6765621702035586, -1.9508567212755115, -1.9637596970920874, -3.11213761459949]}