{"m": 1.3164265589438013, "Ixx": 4.9577763870303535, "Iyy": 1.210369462712789, "Izz": 1.6441260268878861}