{"m": 0.6401018596723956, "Ixx": 0.002945755423972611, "Iyy": 0.003283837481632587, "Izz": 0.003430118809908015}