{"L": 0.14874737474988448, "kF": 0.16780581408861237, "kM": 0.013476761188094839, "thetas": [0.05076006899219313, -0.1297636136941241, 0.08945171174278697, 0.0790650855656428], "phis": [-1.9287743301387892, -0.3057710718670952, -2.9802018005703546, -2.5701145060300554]}