{"L": 0.1798190271831272, "kF": 0.14212532577527326, "kM": 0.05089696424210408, "phis": [-0.0009519398888233087, 0.0041183400753189384, 0.005282571759163473, 0.0023470399899072725]}