{"m": 1.4550338071093847, "Ixx": 1.8078003190657603, "Iyy": 2.7645339635182995, "Izz": 3.3896420891495174}