{"m": 0.6527425872942506, "Ixx": 0.004221168889366224, "Iyy": 0.0019162045761138666, "Izz": 0.0029024213784414965}