{"L": 0.10986223392469824, "kF": 0.15944880352493612, "kM": 0.15145763920052802, "phis": [0.010977947213104624, 0.0032803445270175907, -0.012089759553450952, -0.01717060457387144]}