{"L": 0.19888351796378567, "kF": 0.1040786080602024, "kM": 0.021192585564478686, "thetas": [0.08663878003267823, -0.1472108116209116, 0.13615118103450066, -0.030095695364221475], "phis": [2.3588172350245897, -1.3933273935867179, 2.897988954042452, -1.9604609999389544]}